Nama Pengadilan,Pengadilan Tinggi,Provinsi,Jumlah Putusan / Publikasi
DILMIL I 01 BANDA ACEH,DILMILTI I MEDAN,Nad,2057 / 1985
DILMIL I 02 MEDAN,DILMILTI I MEDAN,Sumatera Utara,2259 / 2196
DILMIL I 03 PADANG,DILMILTI I MEDAN,Sumatera Barat,1330 / 1298
DILMIL I 04 PALEMBANG,DILMILTI I MEDAN,Sumatera Selatan,1419 / 1395
DILMIL I 05 PONTIANAK,DILMILTI I MEDAN,Kalimantan Barat,874 / 836
DILMIL I 06 BANJARMASIN,DILMILTI I MEDAN,Kalimantan Selatan,598 / 592
DILMIL I 07 BALIKPAPAN,DILMILTI I MEDAN,Kalimantan Timur,976 / 964
DILMIL II 08 JAKARTA,DILMILTI II JAKARTA,Dki Jakarta,3932 / 3514
DILMIL II 09 BANDUNG,DILMILTI II JAKARTA,Jawa Barat,3744 / 3693
DILMIL II 10 SEMARANG,DILMILTI II JAKARTA,Jawa Tengah,1075 / 1010
DILMIL II 11 YOGYAKARTA,DILMILTI II JAKARTA,Di Yogyakarta,986 / 955
DILMIL III 12 SURABAYA,DILMILTI III SURABAYA,Jawa Timur,2271 / 2228
DILMIL III 13 MADIUN,DILMILTI III SURABAYA,Jawa Timur,761 / 723
DILMIL III 14 DENPASAR,DILMILTI III SURABAYA,Bali,652 / 595
DILMIL III 15 KUPANG,DILMILTI III SURABAYA,Nusa Tenggara Timur,457 / 435
DILMIL III 16 MAKASSAR,DILMILTI III SURABAYA,Sulawesi Selatan,1257 / 1142
DILMIL III 17 MANADO,DILMILTI III SURABAYA,Sulawesi Utara,983 / 966
DILMIL III 18 AMBON,DILMILTI III SURABAYA,Maluku,1525 / 1444
DILMIL III 19 JAYAPURA,DILMILTI III SURABAYA,Papua,2291 / 2245
DILMILTAMA,BADAN PERADILAN MILITER DAN TATA USAHA NEGARA,,360 / 298
DILMILTI I MEDAN,DILMILTAMA,,1272 / 1263
DILMILTI II JAKARTA,DILMILTAMA,,2346 / 2095
DILMILTI III SURABAYA,DILMILTAMA,,1926 / 1638
DILMILTI LATIHAN,BADAN PERADILAN MILITER DAN TATA USAHA NEGARA,,0 / 0
Dilmil LATIHAN,,,32 / 14
MAHKAMAH AGUNG,,,244610 / 239712
MS BANDA ACEH,,,9296 / 8987
MS BIREUEN,MS PROP NAD,,10467 / 10353
MS BLANGKAJEREN,MS PROP NAD,,5365 / 5284
MS Blangpidie,MS BANDA ACEH,,1866 / 1849
MS CALANG,MS PROP NAD,,3546 / 3541
MS IDI,MS PROP NAD,,8246 / 8206
MS JANTHO,MS PROP NAD,,7959 / 7152
MS KUALA SIMPANG,MS PROP NAD,,8023 / 7552
MS KUTACANE,MS PROP NAD,,5308 / 5032
MS Kota Subulussalam,MS BANDA ACEH,,1532 / 1531
MS LANGSA,MS PROP NAD,,4872 / 4850
MS LHOK SEUMAWE,MS PROP NAD,,6293 / 6264
MS LHOK SUKON,MS PROP NAD,,14504 / 13482
MS MEULABOH,MS PROP NAD,,6704 / 6420
MS MEUREUDU,MS PROP NAD,,4191 / 4163
MS PROP NAD,BADAN PERADILAN AGAMA,,2000 / 1971
MS SABANG,MS PROP NAD,,1347 / 1347
MS SIGLI,MS PROP NAD,,10423 / 10340
MS SINABANG,MS PROP NAD,,2317 / 2316
MS SINGKIL,MS PROP NAD,,2632 / 2625
MS Simpang Tiga Redelong,MS PROP NAD,,5391 / 5351
MS Suka Makmue,MS BANDA ACEH,,3074 / 2942
MS TAKENGON,MS PROP NAD,,9906 / 9785
MS TAPAK TUAN,MS PROP NAD,,5670 / 5295
PA AMBARAWA,PTA SEMARANG,,24470 / 23816
PA AMBON,PTA AMBON,,7552 / 7436
PA AMUNTAI,PTA BANJARMASIN,,14140 / 14136
PA AMURANG,PTA MANADO,,931 / 917
PA ANDOOLO,PTA KENDARI,,5566 / 5543
PA ARGAMAKMUR,PTA BENGKULU,,10517 / 10450
PA ARSO,PTA JAYAPURA,,1308 / 1296
PA ATAMBUA,PTA KUPANG,,313 / 313
PA Ampana,PTA MAKASSAR,,3210 / 3081
PA BADUNG,PTA MATARAM,,2694 / 2631
PA BAJAWA,PTA KUPANG,,485 / 479
PA BALIGE,PTA MEDAN,,461 / 457
PA BALIKPAPAN,PTA SAMARINDA,,27476 / 27320
PA BANDUNG,PTA BANDUNG,,75514 / 45721
PA BANGGAI,PTA PALU,,4141 / 4112
PA BANGIL,PTA SURABAYA,,32876 / 32859
PA BANGKALAN,PTA SURABAYA,,30594 / 30590
PA BANGKINANG,PTA PEKANBARU,,12953 / 12078
PA BANGKO,PTA JAMBI,,6219 / 6177
PA BANGLI,PTA MATARAM,,150 / 150
PA BANJARBARU,PTA BANJARMASIN,,10992 / 10976
PA BANJARMASIN,PTA BANJARMASIN,,26704 / 25899
PA BANJARNEGARA,PTA SEMARANG,,41568 / 41470
PA BANTAENG,PTA MAKASSAR,,7207 / 7104
PA BANTUL,PTA YOGYAKARTA,,22375 / 19807
PA BANYUMAS,PTA SEMARANG,,29031 / 27668
PA BANYUWANGI,PTA SURABAYA,,104910 / 104672
PA BARABAI,PTA BANJARMASIN,,10338 / 10314
PA BARRU,PTA MAKASSAR,,7827 / 7811
PA BATAM,PTA KEPULAUAN RIAU,,23141 / 22347
PA BATANG,PTA SEMARANG,,25479 / 25264
PA BATULICIN,PTA BANJARMASIN,,10777 / 10750
PA BATURAJA,PTA PALEMBANG,,11111 / 10846
PA BATUSANGKAR,PTA PADANG,,8284 / 7974
PA BAUBAU,PTA KENDARI,,7544 / 7542
PA BAWEAN,PTA SURABAYA,,3412 / 3404
PA BEKASI,PTA BANDUNG,,48372 / 47178
PA BENGKALIS,PTA PEKANBARU,,10828 / 10828
PA BENGKAYANG,PTA PONTIANAK,,4468 / 4462
PA BENGKULU,PTA BENGKULU,,12493 / 12396
PA BIAK,PTA JAYAPURA,,849 / 849
PA BIMA,PTA MATARAM,,23912 / 22581
PA BINJAI,PTA MEDAN,,7998 / 7784
PA BITUNG,PTA MANADO,,3231 / 3110
PA BLAMBANGAN UMPU,PTA BANDAR LAMPUNG,,6926 / 6718
PA BLITAR,PTA SURABAYA,,70597 / 70564
PA BLORA,PTA SEMARANG,,30887 / 30493
PA BOGOR,PTA BANDUNG,,21534 / 19760
PA BOJONEGORO,PTA SURABAYA,,47322 / 47320
PA BONDOWOSO,PTA SURABAYA,,45860 / 45786
PA BONTANG,PTA SAMARINDA,,6458 / 6141
PA BOYOLALI,PTA SEMARANG,,26719 / 25516
PA BREBES,PTA SEMARANG,,73090 / 72043
PA BUKITTINGGI,PTA PADANG,,12754 / 12710
PA BULUKUMBA,PTA MAKASSAR,,15962 / 15927
PA BUNGKU,PTA PALU,,6625 / 6613
PA BUNTOK,PTA PALANGKARAYA,,5180 / 5037
PA BUOL,PTA PALU,,3782 / 3748
PA Belopa,PTA MAKASSAR,,5749 / 5724
PA Bintuhan,PTA BENGKULU,,2049 / 1915
PA Bolaang Uki,PTA MANADO,,2319 / 2303
PA Boroko,PTA MANADO,,2195 / 2159
PA CIAMIS,PTA BANDUNG,,65465 / 64260
PA CIANJUR,PTA BANDUNG,,59605 / 57039
PA CIBADAK,PTA BANDUNG,,21059 / 20547
PA CIBINONG,PTA BANDUNG,,79479 / 77931
PA CIKARANG,PTA BANDUNG,,39949 / 39304
PA CILACAP,PTA SEMARANG,,98666 / 96230
PA CILEGON,PTA BANTEN,,13454 / 13355
PA CIMAHI,PTA BANDUNG,,47954 / 36613
PA CIREBON,PTA BANDUNG,,11617 / 10896
PA CURUP,PTA BENGKULU,,10294 / 10087
PA DABO SINGKEP,PTA PEKANBARU,,3059 / 3030
PA DEMAK,PTA SEMARANG,,33505 / 33475
PA DENPASAR,PTA MATARAM,,7310 / 7297
PA DEPOK,PTA BANDUNG,,43967 / 36524
PA DOMPU,PTA MATARAM,,13083 / 12778
PA DONGGALA,PTA PALU,,9598 / 9096
PA DUMAI,PTA PEKANBARU,,7272 / 7111
PA Dataran Hunimoa,PTA MALUKU UTARA,,1367 / 1365
PA Dataran Hunipopu,PTA MALUKU UTARA,,1554 / 1545
PA ENDE,PTA KUPANG,,1351 / 1295
PA ENREKANG,PTA MAKASSAR,,5918 / 5871
PA FAK FAK,PTA JAYAPURA,,2470 / 2453
PA GARUT,PTA BANDUNG,,63912 / 60586
PA GIANYAR,PTA MATARAM,,515 / 514
PA GIRI MENANG,PTA MATARAM,,26113 / 17850
PA GORONTALO,PTA GORONTALO,,13074 / 12976
PA GRESIK,PTA SURABAYA,,35082 / 35021
PA GUNUNG SITOLI,PTA MEDAN,,1042 / 1033
PA GUNUNG SUGIH,PTA BANDAR LAMPUNG,,25572 / 25438
PA Gedong Tataan,PTA BANDAR LAMPUNG,,5359 / 5291
PA INDRAMAYU,PTA BANDUNG,,95439 / 92072
PA JAKARTA BARAT,PTA JAKARTA,,46506 / 45778
PA JAKARTA PUSAT,PTA JAKARTA,,29534 / 25160
PA JAKARTA SELATAN,PTA JAKARTA,,63438 / 54755
PA JAKARTA TIMUR,PTA JAKARTA,,57643 / 56920
PA JAKARTA UTARA,PTA JAKARTA,,35734 / 32505
PA JAMBI,PTA JAMBI,,14809 / 14691
PA JAYAPURA,PTA JAYAPURA,,5475 / 5438
PA JEMBER,PTA SURABAYA,,137267 / 137241
PA JENNEPONTO,PTA MAKASSAR,,7393 / 7379
PA JEPARA,PTA SEMARANG,,29553 / 29105
PA JOMBANG,PTA SURABAYA,,44995 / 44321
PA KAB MALANG,PTA SURABAYA,,132813 / 132718
PA KABUPATEN KEDIRI,PTA SURABAYA,,70189 / 69748
PA KABUPATEN MADIUN,PTA SURABAYA,,23248 / 23240
PA KAJEN,PTA SEMARANG,,29012 / 27217
PA KALABAHI,PTA KUPANG,,1344 / 1342
PA KALIANDA,PTA BANDAR LAMPUNG,,20320 / 19655
PA KANDANGAN,PTA BANJARMASIN,,7246 / 7242
PA KANGEAN,PTA SURABAYA,,8983 / 8980
PA KARANGANYAR,PTA SEMARANG,,23192 / 22982
PA KARANGASEM,PTA MATARAM,,569 / 542
PA KARAWANG,PTA BANDUNG,,47974 / 45647
PA KAYU AGUNG,PTA PALEMBANG,,20637 / 20608
PA KEBUMEN,PTA SEMARANG,,46576 / 45724
PA KEDIRI,PTA SURABAYA,,12626 / 12604
PA KEFAMENANU,PTA KUPANG,,134 / 134
PA KENDAL,PTA SEMARANG,,39031 / 38605
PA KENDARI,PTA KENDARI,,14079 / 13376
PA KETAPANG,PTA PONTIANAK,,12343 / 12342
PA KISARAN,PTA MEDAN,,21178 / 20866
PA KLATEN,PTA SEMARANG,,25988 / 25862
PA KLUNGKUNG,PTA MATARAM,,336 / 336
PA KOLAKA,PTA KENDARI,,8653 / 8613
PA KOTA BANJAR,PTA BANDUNG,,10903 / 10863
PA KOTABARU,PTA BANJARMASIN,,6776 / 6755
PA KOTABUMI,PTA BANDAR LAMPUNG,,14523 / 14412
PA KOTAMOBAGU,PTA MANADO,,6486 / 6478
PA KOTO BARU,PTA PADANG,,8164 / 8133
PA KRAKSAAN,PTA SURABAYA,,42235 / 42004
PA KRUI,PTA BANDAR LAMPUNG,,7751 / 7464
PA KUALA KAPUAS,PTA PALANGKARAYA,,7988 / 7963
PA KUALA TUNGKAL,PTA JAMBI,,10213 / 10207
PA KUDUS,PTA SEMARANG,,19904 / 19817
PA KUNINGAN,PTA BANDUNG,,33899 / 30721
PA KUPANG,PTA KUPANG,,2219 / 2193
PA Kabanjahe 401792,PTA MEDAN,,2504 / 2499
PA Kaimana,PTA JAYAPURA,,234 / 234
PA Kasongan,PTA PALANGKARAYA,,1220 / 1173
PA Kepahiang,PTA BENGKULU,,3544 / 3457
PA Kota Padangsidempuan,PTA MEDAN,,5671 / 5670
PA Kuala Kurun,PTA PALANGKARAYA,,395 / 391
PA Kuala Pembuang,PTA PALANGKARAYA,,1480 / 1470
PA Kwandang,PTA GORONTALO,,2608 / 2607
PA LABUAN BAJO,PTA KUPANG,,2364 / 2355
PA LABUHAN BACAN,PTA MALUKU UTARA,,4900 / 4674
PA LAHAT,PTA PALEMBANG,,10606 / 10182
PA LAMONGAN,PTA SURABAYA,,46080 / 46016
PA LARANTUKA,PTA KUPANG,,1249 / 1219
PA LEWOLEBA,PTA KUPANG,,767 / 765
PA LIMBOTO,PTA GORONTALO,,12179 / 11463
PA LUBUK BASUNG,PTA PADANG,,6964 / 6913
PA LUBUK LINGGAU,PTA PALEMBANG,,18803 / 18690
PA LUBUK PAKAM,PTA MEDAN,,31791 / 31753
PA LUBUK SIKAPING,PTA PADANG,,6192 / 6141
PA LUMAJANG,PTA SURABAYA,,59201 / 59114
PA LUWUK,PTA PALU,,9758 / 9750
PA Lasusua,PTA KENDARI,,2403 / 2401
PA Latihan,,,3 / 2
PA Lebong,PTA BENGKULU,,2602 / 2507
PA Lolak,PTA MANADO,,4685 / 4657
PA MADIUN,PTA SURABAYA,,7384 / 7382
PA MAGELANG,PTA SEMARANG,,4527 / 4503
PA MAGETAN,PTA SURABAYA,,21693 / 21692
PA MAJALENGKA,PTA BANDUNG,,50725 / 45307
PA MAJENE,PTA MAKASSAR,,6784 / 6784
PA MAKALE,PTA MAKASSAR,,1394 / 1390
PA MAKASSAR,PTA MAKASSAR,,38425 / 36539
PA MALANG,PTA SURABAYA,,40301 / 39825
PA MAMUJU,PTA MAKASSAR,,9282 / 9233
PA MANADO,PTA MANADO,,6850 / 6819
PA MANINJAU,PTA PADANG,,3427 / 3419
PA MANNA,PTA BENGKULU,,8357 / 8355
PA MANOKWARI,PTA JAYAPURA,,3946 / 3699
PA MARABAHAN,PTA BANJARMASIN,,8009 / 7719
PA MARISA,PTA GORONTALO,,5006 / 4864
PA MAROS,PTA MAKASSAR,,12030 / 11977
PA MARTAPURA,PTA BANJARMASIN,,16715 / 16651
PA MASAMBA,PTA MAKASSAR,,10115 / 10111
PA MASOHI,PTA AMBON,,3605 / 3469
PA MATARAM,PTA MATARAM,,14169 / 13524
PA MAUMERE,PTA KUPANG,,1059 / 1058
PA MEDAN,PTA MEDAN,,39063 / 38212
PA MEMPAWAH,PTA PONTIANAK,,11923 / 11869
PA MENTOK,PTA BANGKA BELITUNG,,4308 / 4251
PA MERAUKE,PTA JAYAPURA,,4602 / 4580
PA METRO,PTA BANDAR LAMPUNG,,15439 / 15243
PA MIMIKA,PTA JAYAPURA,,2759 / 2758
PA MOJOKERTO,PTA SURABAYA,,52815 / 52799
PA MOROTAI,PTA MALUKU UTARA,,4993 / 4962
PA MUARA BULIAN,PTA JAMBI,,7031 / 7025
PA MUARA BUNGO,PTA JAMBI,,6425 / 6383
PA MUARA ENIM,PTA PALEMBANG,,18782 / 18633
PA MUARA LABUH,PTA PADANG,,4620 / 4564
PA MUARA SABAK,PTA JAMBI,,5430 / 5413
PA MUARA TEBO,PTA JAMBI,,6040 / 5964
PA MUARA TEWE,PTA PALANGKARAYA,,6616 / 6576
PA MUNGKID,PTA SEMARANG,,31093 / 22443
PA Malili,PTA MAKASSAR,,4142 / 4109
PA Martapura Sumsel,PTA PALEMBANG,,7906 / 7761
PA Mesuji,PTA BANDAR LAMPUNG,,3397 / 3323
PA Muaradua,PTA PALEMBANG,,3036 / 3024
PA Mukomuko,PTA BENGKULU,,2835 / 2834
PA NABIRE,PTA JAYAPURA,,2327 / 2320
PA NATUNA,PTA PEKANBARU,,2890 / 2867
PA NEGARA BANJARMASIN,PTA BANJARMASIN,,3620 / 3613
PA NEGARA MATARAM,PTA MATARAM,,3493 / 3424
PA NGANJUK,PTA SURABAYA,,41172 / 40997
PA NGAWI,PTA SURABAYA,,28058 / 28029
PA NUNUKAN,PTA SAMARINDA,,6496 / 6436
PA Namlea,PTA MALUKU UTARA,,2820 / 2737
PA Nanga Bulik,PTA PALANGKARAYA,Kalimantan Tengah,1761 / 1709
PA Nanga Pinoh,PTA PONTIANAK,,1823 / 1821
PA Ngamprah,PTA BANDUNG,,26307 / 26096
PA PACITAN,PTA SURABAYA,,19246 / 19087
PA PADANG,PTA PADANG,,23330 / 23017
PA PADANG PANJANG,PTA PADANG,,4786 / 4772
PA PADANG SIDEMPUAN,PTA MEDAN,,6231 / 6224
PA PAINAN,PTA PADANG,,8246 / 8083
PA PALANGKARAYA,PTA PALANGKARAYA,,7778 / 7076
PA PALEMBANG,PTA PALEMBANG,,38873 / 37313
PA PALOPO,PTA MAKASSAR,,7793 / 7756
PA PALU,PTA PALU,,14683 / 14527
PA PAMEKASAN,PTA SURABAYA,,32524 / 32500
PA PANDAN,PTA MEDAN,,4660 / 4526
PA PANDEGLANG,PTA BANTEN,,18894 / 16090
PA PANGKAJENE,PTA MAKASSAR,,7974 / 7827
PA PANGKAL PINANG,PTA BANGKA BELITUNG,,6025 / 6009
PA PANGKALAN BUN,PTA PALANGKARAYA,,9393 / 8672
PA PANGKALAN KERINCI,PTA PEKANBARU,,7097 / 6532
PA PANIAI,PTA JAYAPURA,,153 / 153
PA PANYABUNGAN,PTA MEDAN,,8897 / 8730
PA PARE PARE,PTA MAKASSAR,,7865 / 7855
PA PARIAMAN,PTA PADANG,,13075 / 12958
PA PARIGI,PTA PALU,,7123 / 6875
PA PASIR PANGARAYAN,PTA PEKANBARU,,10609 / 10572
PA PASURUAN,PTA SURABAYA,,39704 / 39693
PA PATI,PTA SEMARANG,,38684 / 33014
PA PAYAKUMBUH,PTA PADANG,,9848 / 9551
PA PEKALONGAN,PTA SEMARANG,,7529 / 7235
PA PEKANBARU,PTA PEKANBARU,,24995 / 24644
PA PELAIHARI,PTA BANJARMASIN,,14381 / 14139
PA PEMALANG,PTA SEMARANG,,54010 / 53877
PA PEMATANG SIANTAR,PTA MEDAN,,3763 / 3032
PA PINRANG,PTA MAKASSAR,,18915 / 18882
PA POLEWALI,PTA MAKASSAR,,16601 / 16362
PA PONOROGO,PTA SURABAYA,,34368 / 34255
PA PONTIANAK,PTA PONTIANAK,,21989 / 21845
PA POSO,PTA PALU,,3522 / 3512
PA PRAYA,PTA MATARAM,,21121 / 14664
PA PROBOLINGGO,PTA SURABAYA,,11061 / 11038
PA PURBALINGGA,PTA SEMARANG,,42330 / 42324
PA PURWAKARTA,PTA BANDUNG,,24654 / 23049
PA PURWODADI,PTA SEMARANG,,48665 / 47679
PA PURWOKERTO,PTA SEMARANG,,37302 / 36656
PA PURWOREJO,PTA SEMARANG,,21574 / 20579
PA PUTUSSIBAU,PTA PONTIANAK,,3182 / 3143
PA Pagaralam,PTA PALEMBANG,,2552 / 2541
PA Pangkalan Balai,PTA PALEMBANG,,7158 / 7112
PA Pasangkayu,PTA MAKASSAR,,2135 / 2129
PA Pasarwajo,PTA KENDARI,,4227 / 4189
PA Penajam,PTA SAMARINDA,,3763 / 3751
PA Prabumulih,PTA PALEMBANG,,3351 / 3342
PA Pringsewu,PTA BANDAR LAMPUNG,,6373 / 5852
PA Pulang Pisau,PTA PALANGKARAYA,,1539 / 1532
PA Pulau Punjung,PTA PADANG,,3476 / 3384
PA RAHA,PTA KENDARI,,8146 / 8121
PA RANGKAS BITUNG,PTA BANTEN,,14671 / 14087
PA RANTAU,PTA BANJARMASIN,,7321 / 7259
PA RANTAU PRAPAT,PTA MEDAN,,19669 / 19198
PA REMBANG,PTA SEMARANG,,17664 / 17557
PA RENGAT,PTA PEKANBARU,,10319 / 8090
PA RUTENG,PTA KUPANG,,918 / 917
PA Rumbia,PTA MAKASSAR,,2048 / 2046
PA SALATIGA,PTA SEMARANG,,14225 / 14219
PA SAMARINDA,PTA SAMARINDA,,31522 / 26342
PA SAMBAS,PTA PONTIANAK,,19722 / 18308
PA SAMPANG,PTA SURABAYA,,23923 / 23839
PA SAMPIT,PTA PALANGKARAYA,,10513 / 10139
PA SANGATTA,PTA SAMARINDA,,10663 / 10601
PA SANGGAU,PTA PONTIANAK,,6074 / 6066
PA SAROLANGUN,PTA JAMBI,,4916 / 4904
PA SAWAHLUNTO,PTA PADANG,,2663 / 2660
PA SEKAYU,PTA PALEMBANG,,11633 / 11491
PA SELAT PANJANG,PTA PEKANBARU,,4744 / 4735
PA SELAYAR,PTA MAKASSAR,,3031 / 3018
PA SELONG,PTA MATARAM,,22070 / 21474
PA SEMARANG,PTA SEMARANG,,41577 / 33313
PA SENGETI,PTA JAMBI,,9233 / 9203
PA SENGKANG,PTA MAKASSAR,,22796 / 22634
PA SENTANI,PTA JAYAPURA,,1767 / 1744
PA SERANG,PTA BANTEN,,51137 / 50314
PA SERUI,PTA JAYAPURA,,754 / 754
PA SIBOLGA,PTA MEDAN,,1838 / 1832
PA SIDENRENG RAPPANG,PTA MAKASSAR,,14841 / 14729
PA SIDIKALANG,PTA MEDAN,,1459 / 1451
PA SIDOARJO,PTA SURABAYA,,64053 / 63935
PA SIJUNJUNG,PTA PADANG,,5857 / 5789
PA SIMALUNGUN,PTA MEDAN,,11869 / 10621
PA SINGARAJA,PTA MATARAM,,2743 / 2741
PA SINJAI,PTA MAKASSAR,,8442 / 8388
PA SINTANG,PTA PONTIANAK,,7873 / 7870
PA SITUBONDO,PTA SURABAYA,,39167 / 39127
PA SLAWI,PTA SEMARANG,,61678 / 60297
PA SLEMAN,PTA YOGYAKARTA,,25390 / 22926
PA SOA SIO,PTA MALUKU UTARA,,4454 / 4419
PA SOE,PTA KUPANG,,242 / 242
PA SOLOK,PTA PADANG,,6369 / 6335
PA SORONG,PTA JAYAPURA,,5002 / 4828
PA SRAGEN,PTA SEMARANG,,31285 / 30990
PA STABAT,PTA MEDAN,,25685 / 25154
PA SUBANG,PTA BANDUNG,,33774 / 31211
PA SUKABUMI,PTA BANDUNG,,9926 / 9686
PA SUKOHARJO,PTA SEMARANG,,20502 / 20489
PA SUMBAWA BESAR,PTA MATARAM,,15267 / 14487
PA SUMBER,PTA BANDUNG,,76245 / 74845
PA SUMEDANG,PTA BANDUNG,,53761 / 52342
PA SUMENEP,PTA SURABAYA,,27865 / 27821
PA SUNGAI LIAT,PTA BANGKA BELITUNG,,11862 / 10242
PA SUNGAI PENUH,PTA JAMBI,,6182 / 6161
PA SUNGGUMINASA,PTA MAKASSAR,,19526 / 18092
PA SURABAYA,PTA SURABAYA,,131875 / 130556
PA SURAKARTA,PTA SEMARANG,,14396 / 13500
PA Sei Rampah,PTA MEDAN,,7880 / 7796
PA Sendawar,PTA SAMARINDA,,1717 / 1706
PA Siak Sri Indrapura,PTA PEKANBARU,,4718 / 4718
PA Sibuhuan,PTA MEDAN,,5481 / 5471
PA Singkawang,PTA PONTIANAK,,2883 / 2856
PA Soreang,PTA BANDUNG,,58514 / 58073
PA Sukadana,PTA BANDAR LAMPUNG,,18299 / 18296
PA Sukamara,PTA PALANGKARAYA,,1007 / 978
PA Sungai Raya,PTA PONTIANAK,,7098 / 7062
PA Suwawa,PTA GORONTALO,,5373 / 5316
PA TABANAN,PTA MATARAM,,1250 / 1230
PA TAHUNA,PTA MANADO,,1477 / 1477
PA TAKALAR,PTA MAKASSAR,,5635 / 5600
PA TALIWANG,PTA MATARAM,,5180 / 4734
PA TALU,PTA PADANG,,9858 / 9834
PA TANAH GROGOT,PTA SAMARINDA,,12061 / 10926
PA TANGERANG,PTA BANTEN,,37714 / 35227
PA TANGGAMUS,PTA BANDAR LAMPUNG,,13931 / 13562
PA TANJUNG,PTA BANJARMASIN,,8774 / 8761
PA TANJUNG BALAI,PTA MEDAN,,8284 / 8253
PA TANJUNG BALAI KARIMUN,PTA PEKANBARU,,6618 / 6603
PA TANJUNG KARANG,PTA BANDAR LAMPUNG,,23147 / 23099
PA TANJUNG PANDAN,PTA BANGKA BELITUNG,,10459 / 10010
PA TANJUNG PATI,PTA PADANG,,7527 / 7504
PA TANJUNG PINANG,PTA PEKANBARU,,11961 / 11911
PA TANJUNG REDEP,PTA SAMARINDA,,7499 / 7223
PA TANJUNG SELOR,PTA SAMARINDA,,5825 / 5701
PA TARAKAN,PTA SAMARINDA,,8703 / 8676
PA TAREMPA,PTA PEKANBARU,,1406 / 1253
PA TARUTUNG,PTA MEDAN,,588 / 586
PA TASIKMALAYA,PTA BANDUNG,,50699 / 48856
PA TASIKMALAYA KOTA,PTA BANDUNG,,25384 / 22820
PA TEBING TINGGI,PTA MEDAN,,8983 / 7770
PA TEGAL,PTA SEMARANG,,8771 / 8710
PA TEMANGGUNG,PTA SEMARANG,,22644 / 19933
PA TEMBILAHAN,PTA PEKANBARU,,11942 / 11941
PA TENGGARONG,PTA SAMARINDA,,19555 / 18538
PA TERNATE,PTA MALUKU UTARA,,9519 / 8969
PA TIGARAKSA,PTA BANTEN,,78045 / 71570
PA TILAMUTA,PTA GORONTALO,,5132 / 4953
PA TOLITOLI,PTA PALU,,6459 / 6072
PA TONDANO,PTA MANADO,,1928 / 1918
PA TRENGGALEK,PTA SURABAYA,,34517 / 34493
PA TUAL,PTA AMBON,,3973 / 3883
PA TUBAN,PTA SURABAYA,,42948 / 42891
PA TULANG BAWANG,PTA BANDAR LAMPUNG,,9005 / 7892
PA TULUNGAGUNG,PTA SURABAYA,,57415 / 57415
PA Tais,PTA BENGKULU,,4051 / 4042
PA Tamiang Layang,PTA PALANGKARAYA,,1055 / 1051
PA Tamiyang Layang,PTA PALANGKARAYA,,0 / 0
PA Teluk Kuantan,PTA PEKANBARU,,4038 / 4022
PA Tulang Bawang Tengah,PTA BANDAR LAMPUNG,,4667 / 4473
PA Tutuyan,PTA MANADO,,1486 / 1486
PA UJUNG TANJUNG,PTA PEKANBARU,,10083 / 9968
PA UNAAHA,PTA KENDARI,,8442 / 8387
PA WAIKABUBAK,PTA KUPANG,,440 / 440
PA WAINGAPU,PTA KUPANG,,616 / 616
PA WAMENA,PTA JAYAPURA,,496 / 496
PA WATAMPONE,PTA MAKASSAR,,32366 / 32193
PA WATAN SOPPENG,PTA MAKASSAR,,11634 / 11624
PA WATES,PTA YOGYAKARTA,,9915 / 9541
PA WONOGIRI,PTA SEMARANG,,19712 / 19188
PA WONOSARI,PTA YOGYAKARTA,,22107 / 20587
PA WONOSOBO,PTA SEMARANG,,33883 / 32035
PA Wangi Wangi,PTA MAKASSAR,,2227 / 2220
PA YOGYAKARTA,PTA YOGYAKARTA,,10904 / 10886
PENGADILAN PAJAK,,,5745 / 5731
PN AIRMADIDI,PT MANADO,,3679 / 3411
PN AMBON,PT AMBON,,10498 / 9227
PN AMLAPURA,PT DENPASAR,,4603 / 3595
PN AMUNTAI,PT BANJARMASIN,,3764 / 3705
PN AMURANG,PT MANADO,,3265 / 2482
PN ARGA MAKMUR,PT BENGKULU,,3235 / 2880
PN ATAMBUA,PT KUPANG,,3850 / 3565
PN Andoolo,PT KENDARI,,1689 / 1610
PN BAJAWA,PT KUPANG,,1662 / 1462
PN BALE BANDUNG,PT BANDUNG,,24966 / 23362
PN BALIGE,PT MEDAN,,4430 / 3531
PN BALIKPAPAN,PT SAMARINDA,,13114 / 11904
PN BANDA ACEH,PT BANDA ACEH,,7699 / 7328
PN BANDUNG,PT BANDUNG,,24622 / 21264
PN BANGIL,PT SURABAYA,,12808 / 11882
PN BANGKALAN,PT SURABAYA,,7947 / 7472
PN BANGKINANG,PT PEKANBARU,,10823 / 10337
PN BANGKO,PT JAMBI,,3662 / 3327
PN BANGLI,PT DENPASAR,,4060 / 3896
PN BANJARBARU,PT BANJARMASIN,,7762 / 7301
PN BANJARMASIN,PT BANJARMASIN,,13778 / 13431
PN BANJARNEGARA,PT SEMARANG,,4633 / 4475
PN BANTA ENG,PT MAKASSAR,,1949 / 1836
PN BANTUL,PT YOGYAKARTA,,7984 / 7490
PN BANYUMAS,PT SEMARANG,,4961 / 4671
PN BANYUWANGI,PT SURABAYA,,14624 / 12784
PN BARABAI,PT BANJARMASIN,,4056 / 3942
PN BARRU,PT MAKASSAR,,2421 / 2348
PN BATAM,PT KEPULAUAN RIAU,,18479 / 15181
PN BATANG,PT SEMARANG,,5225 / 5027
PN BATULICIN,PT BANJARMASIN,,5482 / 5253
PN BATURAJA,PT PALEMBANG,,17677 / 15870
PN BATUSANGKAR,PT PADANG,,2492 / 2234
PN BAUBAU,PT KENDARI,,3080 / 2905
PN BEKASI,PT BANDUNG,,21701 / 17468
PN BENGKALIS,PT PEKANBARU,,11384 / 10861
PN BENGKAYANG,PT PONTIANAK,,2130 / 2035
PN BENGKULU,PT BENGKULU,,8128 / 7207
PN BIAK,PT JAYAPURA,,2168 / 1603
PN BINJAI,PT MEDAN,,7187 / 6726
PN BIREUEN,PT BANDA ACEH,,3889 / 3812
PN BITUNG,PT MANADO,,5232 / 4249
PN BLAMBANGAN UMPU,PT TANJUNG KARANG,,1980 / 1895
PN BLANGKAJEREN,PT BANDA ACEH,,975 / 925
PN BLITAR,PT SURABAYA,,32462 / 31271
PN BLORA,PT SEMARANG,,5200 / 4942
PN BOGOR,PT BANDUNG,,5284 / 4546
PN BOJONEGORO,PT SURABAYA,,9522 / 9294
PN BONDOWOSO,PT SURABAYA,,5350 / 5303
PN BONTANG,PT SAMARINDA,,2631 / 2448
PN BOYOLALI,PT SEMARANG,,6729 / 6034
PN BREBES,PT SEMARANG,,4839 / 4621
PN BUKITTINGGI,PT PADANG,,3445 / 3319
PN BULUKUMBA,PT MAKASSAR,,7402 / 7206
PN BUNTOK,PT PALANGKARAYA,,1704 / 1671
PN BUOL,PT PALU,,1032 / 887
PN Banjar,PT BANDUNG,,854 / 822
PN Belopa,PT MAKASSAR,,1445 / 1280
PN Bintuhan,PT BENGKULU,,1112 / 960
PN Blangpidie,PT BANDA ACEH,,587 / 585
PN Bobong,PT MALUKU UTARA,,162 / 157
PN CALANG,PT BANDA ACEH,,989 / 951
PN CIAMIS,PT BANDUNG,,6054 / 5643
PN CIANJUR,PT BANDUNG,,6954 / 6258
PN CIBADAK,PT BANDUNG,,6282 / 4860
PN CIBINONG,PT BANDUNG,,17188 / 15073
PN CILACAP,PT SEMARANG,,8764 / 7606
PN CIREBON,PT BANDUNG,,5234 / 5132
PN CURUP,PT BENGKULU,,1724 / 1595
PN Cikarang,PT BANDUNG,,7925 / 7551
PN DEMAK,PT SEMARANG,,5662 / 5231
PN DENPASAR,PT DENPASAR,,37875 / 31453
PN DEPOK,PT BANDUNG,,7029 / 6155
PN DOMPU,PT MATARAM,,3019 / 2828
PN DONGGALA,PT PALU,,3919 / 3508
PN DUMAI,PT PEKANBARU,,8160 / 7983
PN Dataran Hunimoa,PT AMBON,,373 / 325
PN Dataran Hunipopu,PT AMBON,,568 / 500
PN Dobo,PT AMBON,,592 / 518
PN ENDE,PT KUPANG,,1238 / 1053
PN ENREKANG,PT MAKASSAR,,1576 / 1494
PN FAK FAK,PT JAYAPURA,,879 / 725
PN GARUT,PT BANDUNG,,6823 / 6467
PN GIANYAR,PT DENPASAR,,6537 / 5159
PN GORONTALO,PT GORONTALO,,5916 / 5076
PN GRESIK,PT SURABAYA,,10072 / 9370
PN GUNUNG SITOLI,PT MEDAN,,5886 / 5466
PN GUNUNG SUGIH,PT TANJUNG KARANG,,6691 / 6380
PN Gedong Tataan,PT TANJUNG KARANG,,1577 / 1538
PN IDI,PT BANDA ACEH,,3203 / 2836
PN INDRAMAYU,PT BANDUNG,,9321 / 7896
PN JAKARTA BARAT,PT JAKARTA,,31620 / 21824
PN JAKARTA PUSAT,PT JAKARTA,,32110 / 28577
PN JAKARTA SELATAN,PT JAKARTA,,25736 / 18954
PN JAKARTA TIMUR,PT JAKARTA,,21367 / 15115
PN JAKARTA UTARA,PT JAKARTA,,29929 / 24966
PN JAMBI,PT JAMBI,,13014 / 12042
PN JANTHO,PT BANDA ACEH,,4453 / 4305
PN JAYAPURA,PT JAYAPURA,,14393 / 12266
PN JEMBER,PT SURABAYA,,24512 / 23405
PN JENEPONTO,PT MAKASSAR,,1620 / 1411
PN JEPARA,PT SEMARANG,,5220 / 4999
PN JOMBANG,PT SURABAYA,,14517 / 13089
PN KAB KEDIRI,PT SURABAYA,,20491 / 18052
PN KAB MADIUN,PT SURABAYA,,4937 / 4570
PN KAB SEMARANG,PT SEMARANG,,8581 / 7770
PN KABANJAHE,PT MEDAN,,5354 / 4995
PN KABUPATEN MAGELANG DI MUNGKID,PT SEMARANG,,7758 / 6863
PN KABUPATEN TEGAL DI SLAWI,PT SEMARANG,,3710 / 3580
PN KALABAHI,PT KUPANG,,1868 / 1595
PN KALIANDA,PT TANJUNG KARANG,,8422 / 7790
PN KANDANGAN,PT BANJARMASIN,,6577 / 6473
PN KARANGAYAR,PT SEMARANG,,6824 / 6297
PN KARAWANG,PT BANDUNG,,6498 / 5736
PN KASONGAN,PT PALANGKARAYA,,1547 / 1411
PN KAYUAGUNG,PT PALEMBANG,,9358 / 8740
PN KEBUMEN,PT SEMARANG,,6880 / 6273
PN KEDIRI,PT SURABAYA,,8699 / 7837
PN KEFAMENANU,PT KUPANG,,1688 / 1498
PN KENDAL,PT SEMARANG,,7193 / 6765
PN KENDARI,PT KENDARI,,5505 / 5183
PN KEPAHIANG,PT BENGKULU,,1730 / 1487
PN KEPANJEN,PT SURABAYA,,8247 / 7795
PN KETAPANG,PT PONTIANAK,,6916 / 6534
PN KISARAN,PT MEDAN,,15041 / 14263
PN KLATEN,PT SEMARANG,,8553 / 7587
PN KOLAKA,PT KENDARI,,3303 / 3120
PN KOTA AGUNG,PT TANJUNG KARANG,,3958 / 3916
PN KOTA TIMIKA KABUPATEN MIMIKA,PT JAYAPURA,,3701 / 3181
PN KOTABARU,PT BANJARMASIN,,5150 / 4773
PN KOTABUMI,PT TANJUNG KARANG,,5133 / 4522
PN KOTAMOBAGU,PT MANADO,,7124 / 6626
PN KOTOBARU,PT PADANG,,2781 / 2524
PN KRAKSAAN,PT SURABAYA,,6538 / 5837
PN KUALA KAPUAS,PT PALANGKARAYA,,3358 / 3289
PN KUALA SIMPANG,PT BANDA ACEH,,5563 / 4676
PN KUALA TUNGKAL,PT JAMBI,,3632 / 3290
PN KUDUS,PT SEMARANG,,9743 / 8957
PN KUNINGAN,PT BANDUNG,,3300 / 3133
PN KUPANG,PT KUPANG,,8509 / 7368
PN KUTACANE,PT BANDA ACEH,,1790 / 1732
PN KUTAI BARAT,PT SAMARINDA,,3140 / 3050
PN Kaimana,PT JAYAPURA,,829 / 814
PN Koba,PT BANGKA BELITUNG,,1668 / 1569
PN Kuala Kurun,PT PALANGKARAYA,,884 / 783
PN LABUHA,PT MALUKU UTARA,,1543 / 1329
PN LAHAT,PT PALEMBANG,,5528 / 5172
PN LAMONGAN,PT SURABAYA,,7506 / 6952
PN LANGSA,PT BANDA ACEH,,3680 / 3565
PN LARANTUKA,PT KUPANG,,1506 / 1296
PN LEMBATA,PT KUPANG,,826 / 724
PN LHOK SEUMAWE,PT BANDA ACEH,,4799 / 4604
PN LHOK SUKON,PT BANDA ACEH,,5017 / 4939
PN LIMBOTO,PT GORONTALO,,2766 / 2033
PN LIWA KABUPATEN LAMPUNG BARAT,PT TANJUNG KARANG,,2472 / 2246
PN LUBUK BASUNG,PT PADANG,,2553 / 2426
PN LUBUK LINGAU,PT PALEMBANG,,11041 / 10267
PN LUBUK PAKAM,PT MEDAN,,27324 / 26406
PN LUBUK SIKAPING,PT PADANG,,2091 / 2038
PN LUMAJANG,PT SURABAYA,,7382 / 6953
PN LUWUK,PT PALU,,4316 / 3630
PN Labuan Bajo,PT KUPANG,,1337 / 1228
PN Lasusua,PT KENDARI,,708 / 692
PN Latihan,,,34 / 3
PN MADIUN,PT SURABAYA,,5628 / 4919
PN MAGELANG,PT SEMARANG,,3126 / 2839
PN MAGETAN,PT SURABAYA,,6049 / 5767
PN MAJALENGKA,PT BANDUNG,,3362 / 3223
PN MAJENE,PT MAKASSAR,,1393 / 1295
PN MAKALE,PT MAKASSAR,,4129 / 2786
PN MAKASSAR,PT MAKASSAR,,26430 / 24421
PN MALANG,PT SURABAYA,,28806 / 26221
PN MALILI,PT MAKASSAR,,2756 / 2608
PN MALINAU,PT SAMARINDA,,1623 / 1563
PN MAMUJU,PT MAKASSAR,,4317 / 3928
PN MANADO,PT MANADO,,11026 / 9731
PN MANDAILING NATAL,PT MEDAN,,3951 / 3439
PN MANNA,PT BENGKULU,Bengkulu,2100 / 1526
PN MANOKWARI,PT JAYAPURA,,2772 / 2139
PN MARABAHAN,PT BANJARMASIN,,3073 / 2856
PN MARISA,PT GORONTALO,,1316 / 1192
PN MAROS,PT MAKASSAR,,3536 / 3378
PN MARTAPURA,PT BANJARMASIN,,6381 / 6298
PN MASAMBA,PT MAKASSAR,,2340 / 1759
PN MASOHI,PT AMBON,,1586 / 1398
PN MATARAM,PT MATARAM,,14686 / 13032
PN MAUMERE,PT KUPANG,,2592 / 2260
PN MEDAN,PT MEDAN,,58352 / 52320
PN MEMPAWAH,PT PONTIANAK,,9631 / 8961
PN MENGGALA,PT TANJUNG KARANG,,5544 / 5287
PN MERAUKE,PT JAYAPURA,,2327 / 2153
PN METRO,PT TANJUNG KARANG,,4700 / 4361
PN MEULABOH,PT BANDA ACEH,,2661 / 2496
PN MOJOKERTO,PT SURABAYA,,7529 / 6598
PN MUARA BULIAN,PT JAMBI,,2867 / 2719
PN MUARA BUNGO,PT JAMBI,,4344 / 3960
PN MUARA ENIM,PT PALEMBANG,,8987 / 8871
PN MUARA TEWE,PT PALANGKARAYA,,2511 / 2157
PN MUARO,PT PADANG,,1402 / 1291
PN Melonguane,PT MANADO,,720 / 696
PN Mentok,PT BANGKA BELITUNG,,1817 / 1717
PN Meureudu,PT BANDA ACEH,,971 / 968
PN Mukomuko,PT BENGKULU,,1124 / 1083
PN NABIRE,PT JAYAPURA,,2028 / 1908
PN NEGARA,PT DENPASAR,,4839 / 3591
PN NGANJUK,PT SURABAYA,,8236 / 7606
PN NGAWI,PT SURABAYA,,5851 / 3588
PN NUNUKAN,PT SAMARINDA,,2856 / 2740
PN Namlea,PT AMBON,,611 / 573
PN Nanga Bulik,PT PALANGKARAYA,,1340 / 1292
PN Ngabang,PT PONTIANAK,Kalimantan Barat,1818 / 1631
PN Oelamasi,PT KUPANG,,3264 / 2632
PN PACITAN,PT SURABAYA,,2255 / 2062
PN PADANG,PT PADANG,,18627 / 17168
PN PADANG PANJANG,PT PADANG,,1247 / 1189
PN PADANG SIDEMPUAN,PT MEDAN,,6590 / 5992
PN PAGAR ALAM,PT PALEMBANG,,1745 / 1621
PN PAINAN,PT PADANG,,2892 / 2759
PN PALANGKARAYA,PT PALANGKARAYA,,9563 / 8769
PN PALEMBANG,PT PALEMBANG,,27949 / 24831
PN PALOPO,PT MAKASSAR,,3439 / 2773
PN PALU,PT PALU,,8031 / 6847
PN PAMEKASAN,PT SURABAYA,,5296 / 4955
PN PANDEGLANG,PT BANTEN,,3061 / 2809
PN PANGKAJENE,PT MAKASSAR,,2417 / 2290
PN PANGKAL PINANG,PT BANGKA BELITUNG,,5496 / 5055
PN PANGKALAN BUN,PT PALANGKARAYA,,5391 / 4909
PN PARE PARE,PT MAKASSAR,,4688 / 4486
PN PARIAMAN,PT PADANG,,4508 / 4268
PN PASAMAN BARAT,PT PADANG,,2780 / 2590
PN PASANGKAYU,PT MAKASSAR,,2015 / 1838
PN PASIR PANGARAIAN,PT PEKANBARU,,8947 / 8558
PN PASURUAN,PT SURABAYA,,5229 / 4974
PN PATI,PT SEMARANG,,8045 / 7881
PN PAYAKUMBUH,PT PADANG,,3234 / 3109
PN PEKALONGAN,PT SEMARANG,,8242 / 7872
PN PEKANBARU,PT PEKANBARU,,19588 / 18357
PN PELAIHARI,PT BANJARMASIN,,5593 / 5492
PN PELALAWAN,PT PEKANBARU,,6394 / 6186
PN PEMALANG,PT SEMARANG,,4728 / 4250
PN PEMATANG SIANTAR,PT MEDAN,,7269 / 6736
PN PINRANG,PT MAKASSAR,,3933 / 3677
PN POLEWALI,PT MAKASSAR,,3666 / 3509
PN PONOROGO,PT SURABAYA,,5664 / 4315
PN PONTIANAK,PT PONTIANAK,,18630 / 17599
PN POSO,PT PALU,,5827 / 4545
PN PRABUMULIH,PT PALEMBANG,,3696 / 3505
PN PRAYA,PT MATARAM,,4412 / 4108
PN PROBOLINGGO,PT SURABAYA,,4331 / 4194
PN PURBALINGGA,PT SEMARANG,,3973 / 3248
PN PURWODADI,PT SEMARANG,,9265 / 8864
PN PURWOKERTO,PT SEMARANG,,6582 / 6193
PN PURWOREJO,PT SEMARANG,,4667 / 4154
PN PUTUSSIBAU,PT PONTIANAK,,1818 / 1691
PN PUWAKARTA,PT BANDUNG,,6983 / 6819
PN Pangkalan Balai,PT PALEMBANG,,2819 / 2739
PN Parigi,PT PALU,,2752 / 2251
PN Paringin,PT BANJARMASIN,,1341 / 1329
PN Pasarwajo,PT KENDARI,,2572 / 2309
PN Penajam,PT SAMARINDA,,1248 / 1189
PN Pulang Pisau,PT PALANGKARAYA,,894 / 854
PN Pulau Punjung,PT PADANG,,1824 / 1797
PN RABA BIMA,PT MATARAM,,5636 / 4797
PN RAHA,PT KENDARI,,2882 / 2363
PN RANAI,PT PEKANBARU,,1533 / 1409
PN RANGKAS BITUNG,PT BANTEN,,4090 / 3790
PN RANTAU,PT BANJARMASIN,,4687 / 4467
PN RANTAU PRAPAT,PT MEDAN,,25404 / 24650
PN REMBANG,PT SEMARANG,,3849 / 3724
PN RENGAT,PT PEKANBARU,,5964 / 5741
PN ROKAN HILIR,PT PEKANBARU,,7211 / 6750
PN ROTE NDAO,PT KUPANG,,1547 / 954
PN RUTENG,PT KUPANG,,2013 / 1615
PN SABANG,PT BANDA ACEH,,827 / 782
PN SALATIGA,PT SEMARANG,,3630 / 3350
PN SAMARINDA,PT SAMARINDA,,17870 / 15728
PN SAMBAS,PT PONTIANAK,,5547 / 4895
PN SAMPANG,PT SURABAYA,,4960 / 4750
PN SAMPIT,PT PALANGKARAYA,,5491 / 5334
PN SANGATTA,PT SAMARINDA,,3695 / 3439
PN SANGGAU,PT PONTIANAK,,3613 / 3014
PN SAROLANGUN,PT JAMBI,,3048 / 2602
PN SAUMLAKI,PT AMBON,,2311 / 1838
PN SAWAHLUNTO,PT PADANG,,1228 / 1136
PN SEKAYU,PT PALEMBANG,,10362 / 9080
PN SELAYAR,PT MAKASSAR,,1311 / 1254
PN SELONG,PT MATARAM,,5646 / 5501
PN SEMARANG,PT SEMARANG,,17988 / 16319
PN SEMARAPURA,PT DENPASAR,,3986 / 3886
PN SENGETI,PT JAMBI,,3186 / 3090
PN SENGKANG,PT MAKASSAR,,5131 / 4825
PN SERANG,PT BANTEN,,16446 / 15791
PN SERUI,PT JAYAPURA,,1407 / 1152
PN SIAK SRI INDRAPURA,PT PEKANBARU,,5751 / 5526
PN SIBOLGA,PT MEDAN,,8797 / 8253
PN SIDENRENG RAPPANG,PT MAKASSAR,,3213 / 3160
PN SIDIKALANG,PT MEDAN,,2986 / 2753
PN SIDOARJO,PT SURABAYA,,34074 / 32262
PN SIGLI,PT BANDA ACEH,,5404 / 5155
PN SIMALUNGUN,PT MEDAN,,10242 / 9704
PN SINABANG,PT BANDA ACEH,,605 / 574
PN SINGARAJA,PT DENPASAR,,12853 / 12308
PN SINGKAWANG,PT PONTIANAK,,7042 / 6643
PN SINGKEL,PT BANDA ACEH,,1625 / 1576
PN SINJAI,PT MAKASSAR,,2403 / 2296
PN SINTANG,PT PONTIANAK,,4087 / 3495
PN SITUBONDO,PT SURABAYA,,4369 / 3859
PN SLEMAN,PT YOGYAKARTA,,17508 / 16146
PN SOASIU,PT MALUKU UTARA,,2017 / 1847
PN SOE,PT KUPANG,,2124 / 1548
PN SOLOK,PT PADANG,,2884 / 2677
PN SORONG,PT JAYAPURA,,6180 / 5514
PN SRAGEN,PT SEMARANG,,6133 / 5856
PN STABAT,PT MEDAN,,13801 / 13143
PN SUBANG,PT BANDUNG,,4990 / 4797
PN SUKABUMI,PT BANDUNG,,5001 / 4793
PN SUKADANA,PT TANJUNG KARANG,,3351 / 2939
PN SUKOHARJO,PT SEMARANG,,8651 / 8115
PN SUMBAWA BESAR,PT MATARAM,,5199 / 4757
PN SUMBER,PT BANDUNG,,6238 / 5508
PN SUMEDANG,PT BANDUNG,,6149 / 5487
PN SUMENEP,PT SURABAYA,,6467 / 6327
PN SUNGAI LIAT,PT BANGKA BELITUNG,,11218 / 10272
PN SUNGAI PENUH,PT JAMBI,,2806 / 2647
PN SUNGGUMINASA,PT MAKASSAR,,8847 / 7689
PN SURABAYA,PT SURABAYA,,88279 / 72153
PN SURAKARTA,PT SEMARANG,,12672 / 11776
PN Sanana,PT MALUKU UTARA,,638 / 617
PN Sei Rampah,PT MEDAN,,6819 / 6604
PN Sibuhuan,PT MEDAN,,1616 / 1616
PN Simpang Tiga Redelong,PT BANDA ACEH,,1164 / 1080
PN Suka Makmue,PT BANDA ACEH,,706 / 691
PN TABANAN,PT DENPASAR,,6056 / 5140
PN TAHUNA,PT MANADO,,4027 / 3098
PN TAIS,PT BENGKULU,,1136 / 1066
PN TAKALAR,PT MAKASSAR,,2790 / 2655
PN TAKENGON,PT BANDA ACEH,,2402 / 2258
PN TAMIANG LAYANG,PT PALANGKARAYA,,1093 / 1024
PN TANAH GROGOT,PT SAMARINDA,,4258 / 4115
PN TANGERANG,PT BANTEN,,24574 / 18889
PN TANJUNG,PT BANJARMASIN,,4319 / 3980
PN TANJUNG BALAI ASAHAN,PT MEDAN,,7325 / 7110
PN TANJUNG BALAI KARIMUN,PT PEKANBARU,,3144 / 2770
PN TANJUNG JABUNG TIMUR,PT JAMBI,,1436 / 1351
PN TANJUNG KARANG,PT TANJUNG KARANG,,15856 / 15052
PN TANJUNG PANDAN,PT BANGKA BELITUNG,,4198 / 3936
PN TANJUNG PATI,PT PADANG,,1951 / 1859
PN TANJUNG PINANG,PT PEKANBARU,,8826 / 8054
PN TANJUNG REDEP,PT SAMARINDA,,3476 / 2886
PN TANJUNG SELOR,PT SAMARINDA,,2838 / 2487
PN TAPAK TUAN,PT BANDA ACEH,,1824 / 1730
PN TARAKAN,PT SAMARINDA,,5137 / 4870
PN TARUTUNG,PT MEDAN,,4134 / 3629
PN TASIKMALAYA,PT BANDUNG,,7733 / 6343
PN TEBING TINGGI,PT MEDAN,,7528 / 6855
PN TEBO,PT JAMBI,,3133 / 2982
PN TEGAL,PT SEMARANG,,3964 / 3608
PN TEMANGGUNG,PT SEMARANG,,4763 / 4083
PN TEMBILAHAN,PT PEKANBARU,,4440 / 4185
PN TENGGARONG,PT SAMARINDA,,8072 / 7797
PN TERNATE,PT MALUKU UTARA,,5528 / 5106
PN TILAMUTA,PT GORONTALO,,1260 / 1147
PN TOBELO,PT MALUKU UTARA,,1050 / 840
PN TOLITOLI,PT PALU,,1291 / 1227
PN TONDANO,PT MANADO,,9632 / 6915
PN TRENGGALEK,PT SURABAYA,,6667 / 6463
PN TUAL,PT AMBON,,1441 / 1197
PN TUBAN,PT SURABAYA,,10490 / 10332
PN TUBEI,PT BENGKULU,,967 / 855
PN TULUNGAGUNG,PT SURABAYA,,16537 / 16088
PN Teluk Kuantan,PT PEKANBARU,,1941 / 1874
PN UNAAHA,PT KENDARI,,2974 / 2598
PN WAIKABUBAK,PT KUPANG,,2401 / 2114
PN WAINGAPU,PT KUPANG,,3235 / 2899
PN WAMENA,PT JAYAPURA,,1472 / 1451
PN WATAMPONE,PT MAKASSAR,,3494 / 3369
PN WATANSOPENG,PT MAKASSAR,,1896 / 1799
PN WATES,PT YOGYAKARTA,,5982 / 5595
PN WONOGIRI,PT SEMARANG,,4864 / 4638
PN WONOSARI,PT YOGYAKARTA,,5013 / 4826
PN WONOSOBO,PT SEMARANG,,5838 / 5586
PN Wangi Wangi,PT KENDARI,,611 / 587
PN YOGYAKARTA,PT YOGYAKARTA,,15110 / 14165
PT AMBON,BADAN PERADILAN UMUM,,2580 / 2472
PT BANDA ACEH,BADAN PERADILAN UMUM,,6839 / 6708
PT BANDUNG,BADAN PERADILAN UMUM,,10960 / 10462
PT BANGKA BELITUNG,BADAN PERADILAN UMUM,,1401 / 1382
PT BANJARMASIN,BADAN PERADILAN UMUM,,4354 / 4334
PT BANTEN,BADAN PERADILAN UMUM,,5762 / 5347
PT BENGKULU,BADAN PERADILAN UMUM,,2970 / 2909
PT DENPASAR,BADAN PERADILAN UMUM,,4799 / 4558
PT GORONTALO,BADAN PERADILAN UMUM,,1962 / 1935
PT JAKARTA,BADAN PERADILAN UMUM,,17144 / 16516
PT JAMBI,BADAN PERADILAN UMUM,,4713 / 4599
PT JAYAPURA,BADAN PERADILAN UMUM,,3190 / 3126
PT KALIMANTAN UTARA,BADAN PERADILAN UMUM,,286 / 286
PT KENDARI,BADAN PERADILAN UMUM,,3939 / 3617
PT KEPULAUAN RIAU,BADAN PERADILAN UMUM,,1023 / 1023
PT KUPANG,BADAN PERADILAN UMUM,,5965 / 5377
PT Latihan,,,13 / 11
PT MAKASSAR,BADAN PERADILAN UMUM,,16230 / 15797
PT MALUKU UTARA,BADAN PERADILAN UMUM,,1236 / 1230
PT MANADO,BADAN PERADILAN UMUM,,3376 / 3005
PT MATARAM,BADAN PERADILAN UMUM,,4854 / 4750
PT MEDAN,BADAN PERADILAN UMUM,,29411 / 29241
PT PADANG,BADAN PERADILAN UMUM,,8002 / 6120
PT PALANGKARAYA,BADAN PERADILAN UMUM,,3935 / 3724
PT PALEMBANG,BADAN PERADILAN UMUM,,5938 / 5818
PT PALU,BADAN PERADILAN UMUM,,4366 / 4265
PT PAPUA BARAT,BADAN PERADILAN UMUM,,305 / 305
PT PEKANBARU,BADAN PERADILAN UMUM,,10931 / 10441
PT PONTIANAK,BADAN PERADILAN UMUM,,5103 / 4899
PT SAMARINDA,BADAN PERADILAN UMUM,,6960 / 6725
PT SEMARANG,BADAN PERADILAN UMUM,,16677 / 15764
PT SULAWESI BARAT,BADAN PERADILAN UMUM,,881 / 878
PT SURABAYA,BADAN PERADILAN UMUM,,30893 / 17922
PT TANJUNG KARANG,BADAN PERADILAN UMUM,,4759 / 4571
PT YOGYAKARTA,BADAN PERADILAN UMUM,,3901 / 3346
PTA AMBON,BADAN PERADILAN AGAMA,,109 / 109
PTA BALI,BADAN PERADILAN AGAMA,,49 / 49
PTA BANDAR LAMPUNG,BADAN PERADILAN AGAMA,,645 / 643
PTA BANDUNG,BADAN PERADILAN AGAMA,,5042 / 3628
PTA BANGKA BELITUNG,BADAN PERADILAN AGAMA,,165 / 165
PTA BANJARMASIN,BADAN PERADILAN AGAMA,,931 / 908
PTA BANTEN,BADAN PERADILAN AGAMA,,1525 / 1501
PTA BENGKULU,BADAN PERADILAN AGAMA,,271 / 271
PTA GORONTALO,BADAN PERADILAN AGAMA,,320 / 319
PTA JAKARTA,BADAN PERADILAN AGAMA,,2130 / 1854
PTA JAMBI,BADAN PERADILAN AGAMA,,481 / 480
PTA JAYAPURA,BADAN PERADILAN AGAMA,,217 / 213
PTA KALIMANTAN UTARA,BADAN PERADILAN AGAMA,,30 / 30
PTA KENDARI,BADAN PERADILAN AGAMA,,522 / 520
PTA KEPULAUAN RIAU,BADAN PERADILAN AGAMA,,81 / 81
PTA KUPANG,BADAN PERADILAN AGAMA,,87 / 84
PTA LAtihan,BADAN PERADILAN AGAMA,,3 / 0
PTA MAKASSAR,BADAN PERADILAN AGAMA,,2261 / 2241
PTA MALUKU UTARA,BADAN PERADILAN AGAMA,,239 / 232
PTA MANADO,BADAN PERADILAN AGAMA,,156 / 154
PTA MATARAM,BADAN PERADILAN AGAMA,,1359 / 1359
PTA MEDAN,BADAN PERADILAN AGAMA,,2221 / 2220
PTA PADANG,BADAN PERADILAN AGAMA,,777 / 777
PTA PALANGKARAYA,BADAN PERADILAN AGAMA,,315 / 272
PTA PALEMBANG,BADAN PERADILAN AGAMA,,823 / 822
PTA PALU,BADAN PERADILAN AGAMA,,349 / 347
PTA PAPUA BARAT,BADAN PERADILAN AGAMA,,10 / 9
PTA PEKANBARU,BADAN PERADILAN AGAMA,,1126 / 1040
PTA PONTIANAK,BADAN PERADILAN AGAMA,,482 / 481
PTA SAMARINDA,BADAN PERADILAN AGAMA,,900 / 900
PTA SEMARANG,BADAN PERADILAN AGAMA,,5278 / 4993
PTA SULAWESI BARAT,BADAN PERADILAN AGAMA,,38 / 38
PTA SURABAYA,BADAN PERADILAN AGAMA,,7942 / 7842
PTA YOGYAKARTA,BADAN PERADILAN AGAMA,,1162 / 1123
PTTUN BANJARMASIN,BADAN PERADILAN MILITER DAN TATA USAHA NEGARA,,216 / 216
PTTUN JAKARTA,BADAN PERADILAN MILITER DAN TATA USAHA NEGARA,Dki Jakarta,5277 / 5242
PTTUN Latihan,BADAN PERADILAN MILITER DAN TATA USAHA NEGARA,,1 / 0
PTTUN MAKASSAR,BADAN PERADILAN MILITER DAN TATA USAHA NEGARA,Sulawesi Selatan,2204 / 2194
PTTUN MANADO,BADAN PERADILAN MILITER DAN TATA USAHA NEGARA,,214 / 214
PTTUN MATARAM,BADAN PERADILAN MILITER DAN TATA USAHA NEGARA,,117 / 117
PTTUN MEDAN,BADAN PERADILAN MILITER DAN TATA USAHA NEGARA,Sumatera Utara,3061 / 3019
PTTUN PALEMBANG,BADAN PERADILAN MILITER DAN TATA USAHA NEGARA,,274 / 274
PTTUN SURABAYA,BADAN PERADILAN MILITER DAN TATA USAHA NEGARA,Jawa Timur,3174 / 3165
PTUN AMBON,PTTUN MAKASSAR,Maluku,374 / 362
PTUN BANDA ACEH,PTTUN MEDAN,Nad,514 / 494
PTUN BANDAR LAMPUNG,PTTUN MEDAN,Bandar Lampung,380 / 368
PTUN BANDUNG,PTTUN JAKARTA,Jawa Barat,1772 / 1676
PTUN BANJARMASIN,PTTUN JAKARTA,Kalimantan Selatan,409 / 408
PTUN BENGKULU,PTTUN MEDAN,Bengkulu,714 / 703
PTUN DENPASAR,PTTUN SURABAYA,Bali,371 / 367
PTUN GORONTALO,PTTUN MAKASSAR,,164 / 164
PTUN JAKARTA,PTTUN JAKARTA,Dki Jakarta,4252 / 3975
PTUN JAMBI,PTTUN MEDAN,Jambi,334 / 330
PTUN JAYAPURA,PTTUN MAKASSAR,Papua,523 / 493
PTUN KENDARI,PTTUN MAKASSAR,Sulawesi Tenggara,526 / 526
PTUN KUPANG,PTTUN SURABAYA,Nusa Tenggara Timur,555 / 550
PTUN Latihan,,,12 / 1
PTUN MAKASSAR,PTTUN MAKASSAR,Sulawesi Selatan,1469 / 1464
PTUN MANADO,PTTUN MAKASSAR,Sulawesi Utara,559 / 554
PTUN MATARAM,PTTUN SURABAYA,Nusa Tenggara Barat,773 / 763
PTUN MEDAN,PTTUN MEDAN,Sumatera Utara,1521 / 1468
PTUN PADANG,PTTUN MEDAN,Sumatera Barat,462 / 441
PTUN PALANGKARAYA,PTTUN JAKARTA,Kalimantan Tengah,404 / 404
PTUN PALEMBANG,PTTUN MEDAN,,1067 / 1066
PTUN PALU,PTTUN MAKASSAR,Sulawesi Tengah,667 / 614
PTUN PEKAN BARU,PTTUN MEDAN,Riau,794 / 786
PTUN PONTIANAK,PTTUN JAKARTA,Kalimantan Barat,323 / 323
PTUN Pangkal Pinang,PTTUN MEDAN,,119 / 119
PTUN SAMARINDA,PTTUN JAKARTA,Kalimantan Timur,614 / 610
PTUN SEMARANG,PTTUN SURABAYA,Jawa Tengah,1410 / 1409
PTUN SERANG,PTTUN JAKARTA,,711 / 706
PTUN SURABAYA,PTTUN SURABAYA,Jawa Timur,1853 / 1816
PTUN SURABAYA,,Jawa Timur,0 / 0
PTUN TANJUNG PINANG,PTTUN MEDAN,,323 / 322
PTUN YOGYAKARTA,PTTUN SURABAYA,Di Yogyakarta,234 / 221
PTUN YOGYAKARTA,,Diy,0 / 0
